UN201605090004,"2016-05-09 00:39:00",仁德區,交通運輸,號誌故障,"仁德區保安路一段與台一線交叉口 號誌",717台灣台南市仁德區保安路一段與台一線交叉口,22.9229165,120.2248468
