UN201702200011,"2017-02-20 01:53:00",永康區,噪音舉發,場所連續噪音,"永康區國光三街創成汽車美容 作業噪音",臺南市永康區崑山里國光三街5號,23.003448,120.259814
